<wpml-config>
    <admin-texts>
        <key name="zn_kallyas_optionsv4">
            <key name="general_options">
                <key name="zn_head_s7_toptext" />
                <key name="logo_upload" />
                <key name="logo_sticky" />
                <key name="logo_upload_input" />
                <key name="head_set_text_cta" />
				<key name="head_add_cta_link" >
					<key name="url" />
					<key name="title" />
				</key>
				<key name="cta_custom">
					<key name="0">
						<key name="cta_text"/>
						<key name="cta_link" >
							<key name="url" />
							<key name="title" />
						</key>
					</key>
					<key name="1">
						<key name="cta_text"/>
						<key name="cta_link" >
							<key name="url" />
							<key name="title" />
						</key>
					</key>
					<key name="2">
						<key name="cta_text"/>
						<key name="cta_link" >
							<key name="url" />
							<key name="title" />
						</key>
					</key>
					<key name="3">
						<key name="cta_text"/>
						<key name="cta_link" >
							<key name="url" />
							<key name="title" />
						</key>
					</key>
					<key name="3">
						<key name="cta_text"/>
						<key name="cta_link" >
							<key name="url" />
							<key name="title" />
						</key>
					</key>
					<key name="4">
						<key name="cta_text"/>
						<key name="cta_link" >
							<key name="url" />
							<key name="title" />
						</key>
					</key>
					<key name="5">
						<key name="cta_text"/>
						<key name="cta_link" >
							<key name="url" />
							<key name="title" />
						</key>
					</key>
				</key>
                <key name="infocard_company_description" />
                <key name="infocard_company_phone" />
                <key name="infocard_company_email" />
                <key name="infocard_company_name" />
                <key name="infocard_company_address" />
                <key name="infocard_gmap_link" />
				<key name="header_social_icons" >
					<key name="0" >
						<key name="header_social_title" />
						<key name="header_social_link" >
							<key name="url" />
							<key name="title" />
						</key>
					</key>
					<key name="1" ><key name="header_social_title" /><key name="header_social_link" ><key name="url" /><key name="title" /></key></key>
					<key name="2" ><key name="header_social_title" /><key name="header_social_link" ><key name="url" /><key name="title" /></key></key>
					<key name="3" ><key name="header_social_title" /><key name="header_social_link" ><key name="url" /><key name="title" /></key></key>
					<key name="4" ><key name="header_social_title" /><key name="header_social_link" ><key name="url" /><key name="title" /></key></key>
					<key name="5" ><key name="header_social_title" /><key name="header_social_link" ><key name="url" /><key name="title" /></key></key>
					<key name="6" ><key name="header_social_title" /><key name="header_social_link" ><key name="url" /><key name="title" /></key></key>
					<key name="7" ><key name="header_social_title" /><key name="header_social_link" ><key name="url" /><key name="title" /></key></key>
					<key name="8" ><key name="header_social_title" /><key name="header_social_link" ><key name="url" /><key name="title" /></key></key>
					<key name="9" ><key name="header_social_title" /><key name="header_social_link" ><key name="url" /><key name="title" /></key></key>
					<key name="10" ><key name="header_social_title" /><key name="header_social_link" ><key name="url" /><key name="title" /></key></key>
				</key>
                <key name="copyright_text" />
				<key name="footer_social_icons" >
					<key name="0" ><key name="footer_social_title" /><key name="footer_social_link" ><key name="url" /><key name="title" /></key></key>
					<key name="1" ><key name="footer_social_title" /><key name="footer_social_link" ><key name="url" /><key name="title" /></key></key>
					<key name="2" ><key name="footer_social_title" /><key name="footer_social_link" ><key name="url" /><key name="title" /></key></key>
					<key name="3" ><key name="footer_social_title" /><key name="footer_social_link" ><key name="url" /><key name="title" /></key></key>
					<key name="4" ><key name="footer_social_title" /><key name="footer_social_link" ><key name="url" /><key name="title" /></key></key>
					<key name="5" ><key name="footer_social_title" /><key name="footer_social_link" ><key name="url" /><key name="title" /></key></key>
					<key name="6" ><key name="footer_social_title" /><key name="footer_social_link" ><key name="url" /><key name="title" /></key></key>
					<key name="7" ><key name="footer_social_title" /><key name="footer_social_link" ><key name="url" /><key name="title" /></key></key>
					<key name="8" ><key name="footer_social_title" /><key name="footer_social_link" ><key name="url" /><key name="title" /></key></key>
					<key name="9" ><key name="footer_social_title" /><key name="footer_social_link" ><key name="url" /><key name="title" /></key></key>
					<key name="10" ><key name="footer_social_title" /><key name="footer_social_link" ><key name="url" /><key name="title" /></key></key>
				</key>
            </key>
			<key name="blog_options">
				<key name="archive_page_title"/>
				<key name="archive_page_subtitle"/>
				<key name="single_page_title"/>
			</key>
			<key name="coming_soon_options">
				<key name="cs_desc"/>
				<key name="cs_social_icons" >
					<key name="0" ><key name="cs_social_title" /><key name="cs_social_link" ><key name="url" /><key name="title" /></key></key>
					<key name="1" ><key name="cs_social_title" /><key name="cs_social_link" ><key name="url" /><key name="title" /></key></key>
					<key name="2" ><key name="cs_social_title" /><key name="cs_social_link" ><key name="url" /><key name="title" /></key></key>
					<key name="3" ><key name="cs_social_title" /><key name="cs_social_link" ><key name="url" /><key name="title" /></key></key>
					<key name="4" ><key name="cs_social_title" /><key name="cs_social_link" ><key name="url" /><key name="title" /></key></key>
					<key name="5" ><key name="cs_social_title" /><key name="cs_social_link" ><key name="url" /><key name="title" /></key></key>
					<key name="6" ><key name="cs_social_title" /><key name="cs_social_link" ><key name="url" /><key name="title" /></key></key>
					<key name="7" ><key name="cs_social_title" /><key name="cs_social_link" ><key name="url" /><key name="title" /></key></key>
					<key name="8" ><key name="cs_social_title" /><key name="cs_social_link" ><key name="url" /><key name="title" /></key></key>
					<key name="9" ><key name="cs_social_title" /><key name="cs_social_link" ><key name="url" /><key name="title" /></key></key>
					<key name="10" ><key name="cs_social_title" /><key name="cs_social_link" ><key name="url" /><key name="title" /></key></key>
				</key>
			</key>
			<key name="zn_woocommerce_options">
				<key name="woo_arch_page_title"/>
				<key name="woo_arch_page_subtitle"/>
				<key name="single_shop_page_title"/>
			</key>
        </key>
    </admin-texts>
</wpml-config>

